,record_id,message
0,b6621a3c-1700-4015-a359-56b6c7155835,Metadata mismatch: creator 'Hakai Institute' in DataCite not found in CKAN record
1,b6621a3c-1700-4015-a359-56b6c7155835,Metadata mismatch: creator 'Government of British Columbia' in DataCite not found in CKAN record
2,b6621a3c-1700-4015-a359-56b6c7155835,Metadata mismatch: author 'Hakai Geospatial' in CKAN record not found in DataCite
3,b6621a3c-1700-4015-a359-56b6c7155835,Metadata mismatch: author 'GeoBC Branch' in CKAN record not found in DataCite
0,646dd927-3248-4fc9-970c-abea15f7d304,No DOI defined
1,646dd927-3248-4fc9-970c-abea15f7d304,No funder
0,bd461764-55b0-4c63-935a-5e9d1d5a6fed,Invalid Resource URL: https://github.com/HakaiInstitute/hakai-wetlab-itracksept2023 returned status_code=404
0,da040f55-984d-490d-b917-a67856de4bac,Invalid Resource URL: https://github.com/HakaiInstitute/hakai-wetlab-seastars2024 returned status_code=404
0,f409100d-95e4-4933-a927-fdf8d3b83204,Invalid Resource URL: https://drive.google.com/open?id=12Spn0fnOC91dLOahgcf94_lrELHvXFX6 returned status_code=404
0,432b05ce-8904-4094-94bf-b97fb6636e41,Record DOI HTTPS link is failling: https://doi.org/10.21966/kp87-sf64 status_code=502
0,139df6dd-772b-424f-b830-30a5ba6abfc6,Invalid Resource URL: https://github.com/HakaiInstitute/hakai-zooplankton-microscopy-dataset returned status_code=404
0,c4932b55-1dd8-4f2f-89da-5822056ecc37,Broken link (404): https://doi.org/10.21966/ekwk-r335
0,e4038a43-060b-474e-b6f2-ea68d0081053,Invalid Resource URL: https://github.com/HakaiInstitute/hakai-wetlab-calliarthron2023 returned status_code=404
0,33bb67af-4d61-4b15-93a9-f3ab2498430b,Broken link (404): http://www.env.gov.bc.ca/omfd/reports/Kelp2007-HakaiPass.pdf
0,7c2b8668-75a3-4fc8-bff3-bdae5d95f52d,Broken link (404): https://github.com/HakaiInstitute/hakai-qu5-mooring-data
0,0e92249d-74e1-4253-a8a5-876d08a8ff65,Invalid Resource URL: https://github.com/HakaiInstitute/Biogeochemical-Sampling-of-28-Streams-on-Vancouver-Island returned status_code=404
0,def2a409-2319-4e8c-a584-9a467f044ada,Invalid Resource URL: https://drive.google.com/open?id=0B3dfJwMwT2k4RzNYOGFUcFNpUms returned status_code=404
0,185462b6-5d10-43d8-91b2-b92010e80ff4,Broken link (202): https://doi.org/10.1109/PACRIM47961.2019.8985053
1,185462b6-5d10-43d8-91b2-b92010e80ff4,Broken link (202): https://doi.org/10.1109/IGARSS.2012.6351194
0,49967494-a7b6-4128-b336-671971d1e2c6,No DOI defined
1,49967494-a7b6-4128-b336-671971d1e2c6,No funder
0,c1e0447b-a06c-44c8-abd0-3108b2f00b7a,No version
1,c1e0447b-a06c-44c8-abd0-3108b2f00b7a,No DOI defined
0,caf810f0-228a-4827-856c-f9b07a2377af,Broken link (202): https://doi.org/10.1109/PACRIM47961.2019.8985053
1,caf810f0-228a-4827-856c-f9b07a2377af,Broken link (202): https://doi.org/10.1109/IGARSS.2012.6351194
